id,date,weekday,description
1,2021-01-01,周五,元旦
2,2021-01-02,周六,元旦
3,2021-01-03,周日,元旦
4,2021-01-04,周一,工作日
5,2021-01-05,周二,工作日
6,2021-01-06,周三,工作日
7,2021-01-07,周四,工作日
8,2021-01-08,周五,工作日
9,2021-01-09,周六,周末
10,2021-01-10,周日,周末
11,2021-01-11,周一,工作日
12,2021-01-12,周二,工作日
13,2021-01-13,周三,工作日
14,2021-01-14,周四,工作日
15,2021-01-15,周五,工作日
16,2021-01-16,周六,周末
17,2021-01-17,周日,周末
18,2021-01-18,周一,工作日
19,2021-01-19,周二,工作日
20,2021-01-20,周三,工作日
21,2021-01-21,周四,工作日
22,2021-01-22,周五,工作日
23,2021-01-23,周六,周末
24,2021-01-24,周日,周末
25,2021-01-25,周一,工作日
26,2021-01-26,周二,工作日
27,2021-01-27,周三,工作日
28,2021-01-28,周四,工作日
29,2021-01-29,周五,工作日
30,2021-01-30,周六,周末
31,2021-01-31,周日,周末
32,2021-02-01,周一,工作日
33,2021-02-02,周二,工作日
34,2021-02-03,周三,工作日
35,2021-02-04,周四,工作日
36,2021-02-05,周五,工作日
37,2021-02-06,周六,周末
38,2021-02-07,周日,春节
39,2021-02-08,周一,工作日
40,2021-02-09,周二,工作日
41,2021-02-10,周三,工作日
42,2021-02-11,周四,春节
43,2021-02-12,周五,春节
44,2021-02-13,周六,春节
45,2021-02-14,周日,春节
46,2021-02-15,周一,春节
47,2021-02-16,周二,春节
48,2021-02-17,周三,春节
49,2021-02-18,周四,工作日
50,2021-02-19,周五,工作日
51,2021-02-20,周六,春节
52,2021-02-21,周日,周末
53,2021-02-22,周一,工作日
54,2021-02-23,周二,工作日
55,2021-02-24,周三,工作日
56,2021-02-25,周四,工作日
57,2021-02-26,周五,工作日
58,2021-02-27,周六,周末
59,2021-02-28,周日,周末
60,2021-03-01,周一,工作日
61,2021-03-02,周二,工作日
62,2021-03-03,周三,工作日
63,2021-03-04,周四,工作日
64,2021-03-05,周五,工作日
65,2021-03-06,周六,周末
66,2021-03-07,周日,周末
67,2021-03-08,周一,"工作日,妇女节"
68,2021-03-09,周二,工作日
69,2021-03-10,周三,工作日
70,2021-03-11,周四,工作日
71,2021-03-12,周五,工作日
72,2021-03-13,周六,周末
73,2021-03-14,周日,周末
74,2021-03-15,周一,工作日
75,2021-03-16,周二,工作日
76,2021-03-17,周三,工作日
77,2021-03-18,周四,工作日
78,2021-03-19,周五,工作日
79,2021-03-20,周六,周末
80,2021-03-21,周日,周末
81,2021-03-22,周一,工作日
82,2021-03-23,周二,工作日
83,2021-03-24,周三,工作日
84,2021-03-25,周四,工作日
85,2021-03-26,周五,工作日
86,2021-03-27,周六,周末
87,2021-03-28,周日,周末
88,2021-03-29,周一,工作日
89,2021-03-30,周二,工作日
90,2021-03-31,周三,工作日
91,2021-04-01,周四,工作日
92,2021-04-02,周五,工作日
93,2021-04-03,周六,清明节
94,2021-04-04,周日,清明节
95,2021-04-05,周一,清明节
96,2021-04-06,周二,工作日
97,2021-04-07,周三,工作日
98,2021-04-08,周四,工作日
99,2021-04-09,周五,工作日
100,2021-04-10,周六,周末
101,2021-04-11,周日,周末
102,2021-04-12,周一,工作日
103,2021-04-13,周二,工作日
104,2021-04-14,周三,工作日
105,2021-04-15,周四,工作日
106,2021-04-16,周五,工作日
107,2021-04-17,周六,周末
108,2021-04-18,周日,周末
109,2021-04-19,周一,工作日
110,2021-04-20,周二,工作日
111,2021-04-21,周三,工作日
112,2021-04-22,周四,工作日
113,2021-04-23,周五,工作日
114,2021-04-24,周六,周末
115,2021-04-25,周日,劳动节
116,2021-04-26,周一,工作日
117,2021-04-27,周二,工作日
118,2021-04-28,周三,工作日
119,2021-04-29,周四,工作日
120,2021-04-30,周五,工作日
121,2021-05-01,周六,劳动节
122,2021-05-02,周日,劳动节
123,2021-05-03,周一,劳动节
124,2021-05-04,周二,劳动节
125,2021-05-05,周三,劳动节
126,2021-05-06,周四,工作日
127,2021-05-07,周五,工作日
128,2021-05-08,周六,劳动节
129,2021-05-09,周日,周末
130,2021-05-10,周一,工作日
131,2021-05-11,周二,工作日
132,2021-05-12,周三,工作日
133,2021-05-13,周四,工作日
134,2021-05-14,周五,工作日
135,2021-05-15,周六,周末
136,2021-05-16,周日,周末
137,2021-05-17,周一,工作日
138,2021-05-18,周二,工作日
139,2021-05-19,周三,工作日
140,2021-05-20,周四,工作日
141,2021-05-21,周五,工作日
142,2021-05-22,周六,周末
143,2021-05-23,周日,周末
144,2021-05-24,周一,工作日
145,2021-05-25,周二,工作日
146,2021-05-26,周三,工作日
147,2021-05-27,周四,工作日
148,2021-05-28,周五,工作日
149,2021-05-29,周六,周末
150,2021-05-30,周日,周末
151,2021-05-31,周一,工作日
152,2021-06-01,周二,工作日
153,2021-06-02,周三,工作日
154,2021-06-03,周四,工作日
155,2021-06-04,周五,工作日
156,2021-06-05,周六,周末
157,2021-06-06,周日,周末
158,2021-06-07,周一,工作日
159,2021-06-08,周二,工作日
160,2021-06-09,周三,工作日
161,2021-06-10,周四,工作日
162,2021-06-11,周五,工作日
163,2021-06-12,周六,端午节
164,2021-06-13,周日,端午节
165,2021-06-14,周一,端午节
166,2021-06-15,周二,工作日
167,2021-06-16,周三,工作日
168,2021-06-17,周四,工作日
169,2021-06-18,周五,工作日
170,2021-06-19,周六,周末
171,2021-06-20,周日,周末
172,2021-06-21,周一,工作日
173,2021-06-22,周二,工作日
174,2021-06-23,周三,工作日
175,2021-06-24,周四,工作日
176,2021-06-25,周五,工作日
177,2021-06-26,周六,周末
178,2021-06-27,周日,周末
179,2021-06-28,周一,工作日
180,2021-06-29,周二,工作日
181,2021-06-30,周三,工作日
182,2021-07-01,周四,工作日
183,2021-07-02,周五,工作日
184,2021-07-03,周六,周末
185,2021-07-04,周日,周末
186,2021-07-05,周一,工作日
187,2021-07-06,周二,工作日
188,2021-07-07,周三,工作日
189,2021-07-08,周四,工作日
190,2021-07-09,周五,工作日
191,2021-07-10,周六,周末
192,2021-07-11,周日,周末
193,2021-07-12,周一,工作日
194,2021-07-13,周二,工作日
195,2021-07-14,周三,工作日
196,2021-07-15,周四,工作日
197,2021-07-16,周五,工作日
198,2021-07-17,周六,周末
199,2021-07-18,周日,周末
200,2021-07-19,周一,工作日
201,2021-07-20,周二,工作日
202,2021-07-21,周三,工作日
203,2021-07-22,周四,工作日
204,2021-07-23,周五,工作日
205,2021-07-24,周六,周末
206,2021-07-25,周日,周末
207,2021-07-26,周一,工作日
208,2021-07-27,周二,工作日
209,2021-07-28,周三,工作日
210,2021-07-29,周四,工作日
211,2021-07-30,周五,工作日
212,2021-07-31,周六,周末
213,2021-08-01,周日,周末
214,2021-08-02,周一,工作日
215,2021-08-03,周二,工作日
216,2021-08-04,周三,工作日
217,2021-08-05,周四,工作日
218,2021-08-06,周五,工作日
219,2021-08-07,周六,周末
220,2021-08-08,周日,周末
221,2021-08-09,周一,工作日
222,2021-08-10,周二,工作日
223,2021-08-11,周三,工作日
224,2021-08-12,周四,工作日
225,2021-08-13,周五,工作日
226,2021-08-14,周六,周末
227,2021-08-15,周日,周末
228,2021-08-16,周一,工作日
229,2021-08-17,周二,工作日
230,2021-08-18,周三,工作日
231,2021-08-19,周四,工作日
232,2021-08-20,周五,工作日
233,2021-08-21,周六,周末
234,2021-08-22,周日,周末
235,2021-08-23,周一,工作日
236,2021-08-24,周二,工作日
237,2021-08-25,周三,工作日
238,2021-08-26,周四,工作日
239,2021-08-27,周五,工作日
240,2021-08-28,周六,周末
241,2021-08-29,周日,周末
242,2021-08-30,周一,工作日
243,2021-08-31,周二,工作日
244,2021-09-01,周三,工作日
245,2021-09-02,周四,工作日
246,2021-09-03,周五,工作日
247,2021-09-04,周六,周末
248,2021-09-05,周日,周末
249,2021-09-06,周一,工作日
250,2021-09-07,周二,工作日
251,2021-09-08,周三,工作日
252,2021-09-09,周四,工作日
253,2021-09-10,周五,工作日
254,2021-09-11,周六,周末
255,2021-09-12,周日,周末
256,2021-09-13,周一,工作日
257,2021-09-14,周二,工作日
258,2021-09-15,周三,工作日
259,2021-09-16,周四,工作日
260,2021-09-17,周五,工作日
261,2021-09-18,周六,中秋节
262,2021-09-19,周日,中秋节
263,2021-09-20,周一,中秋节
264,2021-09-21,周二,中秋节
265,2021-09-22,周三,工作日
266,2021-09-23,周四,工作日
267,2021-09-24,周五,工作日
268,2021-09-25,周六,周末
269,2021-09-26,周日,国庆节
270,2021-09-27,周一,工作日
271,2021-09-28,周二,工作日
272,2021-09-29,周三,工作日
273,2021-09-30,周四,工作日
274,2021-10-01,周五,国庆节
275,2021-10-02,周六,国庆节
276,2021-10-03,周日,国庆节
277,2021-10-04,周一,国庆节
278,2021-10-05,周二,国庆节
279,2021-10-06,周三,国庆节
280,2021-10-07,周四,国庆节
281,2021-10-08,周五,工作日
282,2021-10-09,周六,国庆节
283,2021-10-10,周日,周末
284,2021-10-11,周一,工作日
285,2021-10-12,周二,工作日
286,2021-10-13,周三,工作日
287,2021-10-14,周四,工作日
288,2021-10-15,周五,工作日
289,2021-10-16,周六,周末
290,2021-10-17,周日,周末
291,2021-10-18,周一,工作日
292,2021-10-19,周二,工作日
293,2021-10-20,周三,工作日
294,2021-10-21,周四,工作日
295,2021-10-22,周五,工作日
296,2021-10-23,周六,周末
297,2021-10-24,周日,周末
298,2021-10-25,周一,工作日
299,2021-10-26,周二,工作日
300,2021-10-27,周三,工作日
301,2021-10-28,周四,工作日
302,2021-10-29,周五,工作日
303,2021-10-30,周六,周末
304,2021-10-31,周日,周末
305,2021-11-01,周一,工作日
306,2021-11-02,周二,工作日
307,2021-11-03,周三,工作日
308,2021-11-04,周四,工作日
309,2021-11-05,周五,工作日
310,2021-11-06,周六,周末
311,2021-11-07,周日,周末
312,2021-11-08,周一,工作日
313,2021-11-09,周二,工作日
314,2021-11-10,周三,工作日
315,2021-11-11,周四,工作日
316,2021-11-12,周五,工作日
317,2021-11-13,周六,周末
318,2021-11-14,周日,周末
319,2021-11-15,周一,工作日
320,2021-11-16,周二,工作日
321,2021-11-17,周三,工作日
322,2021-11-18,周四,工作日
323,2021-11-19,周五,工作日
324,2021-11-20,周六,周末
325,2021-11-21,周日,周末
326,2021-11-22,周一,工作日
327,2021-11-23,周二,工作日
328,2021-11-24,周三,工作日
329,2021-11-25,周四,工作日
330,2021-11-26,周五,工作日
331,2021-11-27,周六,周末
332,2021-11-28,周日,周末
333,2021-11-29,周一,工作日
334,2021-11-30,周二,工作日
335,2021-12-01,周三,工作日
336,2021-12-02,周四,工作日
337,2021-12-03,周五,工作日
338,2021-12-04,周六,周末
339,2021-12-05,周日,周末
340,2021-12-06,周一,工作日
341,2021-12-07,周二,工作日
342,2021-12-08,周三,工作日
343,2021-12-09,周四,工作日
344,2021-12-10,周五,工作日
345,2021-12-11,周六,周末
346,2021-12-12,周日,周末
347,2021-12-13,周一,工作日
348,2021-12-14,周二,工作日
349,2021-12-15,周三,工作日
350,2021-12-16,周四,工作日
351,2021-12-17,周五,工作日
352,2021-12-18,周六,周末
353,2021-12-19,周日,周末
354,2021-12-20,周一,工作日
355,2021-12-21,周二,工作日
356,2021-12-22,周三,工作日
357,2021-12-23,周四,工作日
358,2021-12-24,周五,工作日
359,2021-12-25,周六,周末
360,2021-12-26,周日,周末
361,2021-12-27,周一,工作日
362,2021-12-28,周二,工作日
363,2021-12-29,周三,工作日
364,2021-12-30,周四,工作日
365,2021-12-31,周五,工作日
366,2022-01-01,周六,元旦
367,2022-01-02,周日,元旦
368,2022-01-03,周一,元旦
369,2022-01-04,周二,工作日
370,2022-01-05,周三,工作日
371,2022-01-06,周四,工作日
372,2022-01-07,周五,工作日
373,2022-01-08,周六,周末
374,2022-01-09,周日,周末
375,2022-01-10,周一,工作日
376,2022-01-11,周二,工作日
377,2022-01-12,周三,工作日
378,2022-01-13,周四,工作日
379,2022-01-14,周五,工作日
380,2022-01-15,周六,周末
381,2022-01-16,周日,周末
382,2022-01-17,周一,工作日
383,2022-01-18,周二,工作日
384,2022-01-19,周三,工作日
385,2022-01-20,周四,工作日
386,2022-01-21,周五,工作日
387,2022-01-22,周六,周末
388,2022-01-23,周日,周末
389,2022-01-24,周一,工作日
390,2022-01-25,周二,工作日
391,2022-01-26,周三,工作日
392,2022-01-27,周四,工作日
393,2022-01-28,周五,工作日
394,2022-01-29,周六,春节
395,2022-01-30,周日,春节
396,2022-01-31,周一,春节
397,2022-02-01,周二,春节
398,2022-02-02,周三,春节
399,2022-02-03,周四,春节
400,2022-02-04,周五,春节
401,2022-02-05,周六,春节
402,2022-02-06,周日,春节
403,2022-02-07,周一,工作日
404,2022-02-08,周二,工作日
405,2022-02-09,周三,工作日
406,2022-02-10,周四,工作日
407,2022-02-11,周五,工作日
408,2022-02-12,周六,周末
409,2022-02-13,周日,周末
410,2022-02-14,周一,工作日
411,2022-02-15,周二,工作日
412,2022-02-16,周三,工作日
413,2022-02-17,周四,工作日
414,2022-02-18,周五,工作日
415,2022-02-19,周六,周末
416,2022-02-20,周日,周末
417,2022-02-21,周一,工作日
418,2022-02-22,周二,工作日
419,2022-02-23,周三,工作日
420,2022-02-24,周四,工作日
421,2022-02-25,周五,工作日
422,2022-02-26,周六,周末
423,2022-02-27,周日,周末
424,2022-02-28,周一,工作日
425,2022-03-01,周二,工作日
426,2022-03-02,周三,工作日
427,2022-03-03,周四,工作日
428,2022-03-04,周五,工作日
429,2022-03-05,周六,周末
430,2022-03-06,周日,周末
431,2022-03-07,周一,工作日
432,2022-03-08,周二,"工作日,妇女节"
433,2022-03-09,周三,工作日
434,2022-03-10,周四,工作日
435,2022-03-11,周五,工作日
436,2022-03-12,周六,周末
437,2022-03-13,周日,周末
438,2022-03-14,周一,工作日
439,2022-03-15,周二,工作日
440,2022-03-16,周三,工作日
441,2022-03-17,周四,工作日
442,2022-03-18,周五,工作日
443,2022-03-19,周六,周末
444,2022-03-20,周日,周末
445,2022-03-21,周一,工作日
446,2022-03-22,周二,工作日
447,2022-03-23,周三,工作日
448,2022-03-24,周四,工作日
449,2022-03-25,周五,工作日
450,2022-03-26,周六,周末
451,2022-03-27,周日,周末
452,2022-03-28,周一,工作日
453,2022-03-29,周二,工作日
454,2022-03-30,周三,工作日
455,2022-03-31,周四,工作日
456,2022-04-01,周五,工作日
457,2022-04-02,周六,清明节
458,2022-04-03,周日,清明节
459,2022-04-04,周一,清明节
460,2022-04-05,周二,清明节
461,2022-04-06,周三,工作日
462,2022-04-07,周四,工作日
463,2022-04-08,周五,工作日
464,2022-04-09,周六,周末
465,2022-04-10,周日,周末
466,2022-04-11,周一,工作日
467,2022-04-12,周二,工作日
468,2022-04-13,周三,工作日
469,2022-04-14,周四,工作日
470,2022-04-15,周五,工作日
471,2022-04-16,周六,周末
472,2022-04-17,周日,周末
473,2022-04-18,周一,工作日
474,2022-04-19,周二,工作日
475,2022-04-20,周三,工作日
476,2022-04-21,周四,工作日
477,2022-04-22,周五,工作日
478,2022-04-23,周六,周末
479,2022-04-24,周日,劳动节
480,2022-04-25,周一,工作日
481,2022-04-26,周二,工作日
482,2022-04-27,周三,工作日
483,2022-04-28,周四,工作日
484,2022-04-29,周五,工作日
485,2022-04-30,周六,劳动节
486,2022-05-01,周日,劳动节
487,2022-05-02,周一,劳动节
488,2022-05-03,周二,劳动节
489,2022-05-04,周三,劳动节
490,2022-05-05,周四,工作日
491,2022-05-06,周五,工作日
492,2022-05-07,周六,劳动节
493,2022-05-08,周日,周末
494,2022-05-09,周一,工作日
495,2022-05-10,周二,工作日
496,2022-05-11,周三,工作日
497,2022-05-12,周四,工作日
498,2022-05-13,周五,工作日
499,2022-05-14,周六,周末
500,2022-05-15,周日,周末
501,2022-05-16,周一,工作日
502,2022-05-17,周二,工作日
503,2022-05-18,周三,工作日
504,2022-05-19,周四,工作日
505,2022-05-20,周五,工作日
506,2022-05-21,周六,周末
507,2022-05-22,周日,周末
508,2022-05-23,周一,工作日
509,2022-05-24,周二,工作日
510,2022-05-25,周三,工作日
511,2022-05-26,周四,工作日
512,2022-05-27,周五,工作日
513,2022-05-28,周六,周末
514,2022-05-29,周日,周末
515,2022-05-30,周一,工作日
516,2022-05-31,周二,工作日
517,2022-06-01,周三,工作日
518,2022-06-02,周四,工作日
519,2022-06-03,周五,端午节
520,2022-06-04,周六,端午节
521,2022-06-05,周日,端午节
522,2022-06-06,周一,工作日
523,2022-06-07,周二,工作日
524,2022-06-08,周三,工作日
525,2022-06-09,周四,工作日
526,2022-06-10,周五,工作日
527,2022-06-11,周六,周末
528,2022-06-12,周日,周末
529,2022-06-13,周一,工作日
530,2022-06-14,周二,工作日
531,2022-06-15,周三,工作日
532,2022-06-16,周四,工作日
533,2022-06-17,周五,工作日
534,2022-06-18,周六,周末
535,2022-06-19,周日,周末
536,2022-06-20,周一,工作日
537,2022-06-21,周二,工作日
538,2022-06-22,周三,工作日
539,2022-06-23,周四,工作日
540,2022-06-24,周五,工作日
541,2022-06-25,周六,周末
542,2022-06-26,周日,周末
543,2022-06-27,周一,工作日
544,2022-06-28,周二,工作日
545,2022-06-29,周三,工作日
546,2022-06-30,周四,工作日
547,2022-07-01,周五,工作日
548,2022-07-02,周六,周末
549,2022-07-03,周日,周末
550,2022-07-04,周一,工作日
551,2022-07-05,周二,工作日
552,2022-07-06,周三,工作日
553,2022-07-07,周四,工作日
554,2022-07-08,周五,工作日
555,2022-07-09,周六,周末
556,2022-07-10,周日,周末
557,2022-07-11,周一,工作日
558,2022-07-12,周二,工作日
559,2022-07-13,周三,工作日
560,2022-07-14,周四,工作日
561,2022-07-15,周五,工作日
562,2022-07-16,周六,周末
563,2022-07-17,周日,周末
564,2022-07-18,周一,工作日
565,2022-07-19,周二,工作日
566,2022-07-20,周三,工作日
567,2022-07-21,周四,工作日
568,2022-07-22,周五,工作日
569,2022-07-23,周六,周末
570,2022-07-24,周日,周末
571,2022-07-25,周一,工作日
572,2022-07-26,周二,工作日
573,2022-07-27,周三,工作日
574,2022-07-28,周四,工作日
575,2022-07-29,周五,工作日
576,2022-07-30,周六,周末
577,2022-07-31,周日,周末
578,2022-08-01,周一,工作日
579,2022-08-02,周二,工作日
580,2022-08-03,周三,工作日
581,2022-08-04,周四,工作日
582,2022-08-05,周五,工作日
583,2022-08-06,周六,周末
584,2022-08-07,周日,周末
585,2022-08-08,周一,工作日
586,2022-08-09,周二,工作日
587,2022-08-10,周三,工作日
588,2022-08-11,周四,工作日
589,2022-08-12,周五,工作日
590,2022-08-13,周六,周末
591,2022-08-14,周日,周末
592,2022-08-15,周一,工作日
593,2022-08-16,周二,工作日
594,2022-08-17,周三,工作日
595,2022-08-18,周四,工作日
596,2022-08-19,周五,工作日
597,2022-08-20,周六,周末
598,2022-08-21,周日,周末
599,2022-08-22,周一,工作日
600,2022-08-23,周二,工作日
601,2022-08-24,周三,工作日
602,2022-08-25,周四,工作日
603,2022-08-26,周五,工作日
604,2022-08-27,周六,周末
605,2022-08-28,周日,周末
606,2022-08-29,周一,工作日
607,2022-08-30,周二,工作日
608,2022-08-31,周三,工作日
609,2022-09-01,周四,工作日
610,2022-09-02,周五,工作日
611,2022-09-03,周六,周末
612,2022-09-04,周日,周末
613,2022-09-05,周一,工作日
614,2022-09-06,周二,工作日
615,2022-09-07,周三,工作日
616,2022-09-08,周四,工作日
617,2022-09-09,周五,工作日
618,2022-09-10,周六,中秋节
619,2022-09-11,周日,中秋节
620,2022-09-12,周一,中秋节
621,2022-09-13,周二,工作日
622,2022-09-14,周三,工作日
623,2022-09-15,周四,工作日
624,2022-09-16,周五,工作日
625,2022-09-17,周六,周末
626,2022-09-18,周日,周末
627,2022-09-19,周一,工作日
628,2022-09-20,周二,工作日
629,2022-09-21,周三,工作日
630,2022-09-22,周四,工作日
631,2022-09-23,周五,工作日
632,2022-09-24,周六,周末
633,2022-09-25,周日,周末
634,2022-09-26,周一,工作日
635,2022-09-27,周二,工作日
636,2022-09-28,周三,工作日
637,2022-09-29,周四,工作日
638,2022-09-30,周五,工作日
639,2022-10-01,周六,国庆节
640,2022-10-02,周日,国庆节
641,2022-10-03,周一,国庆节
642,2022-10-04,周二,国庆节
643,2022-10-05,周三,国庆节
644,2022-10-06,周四,国庆节
645,2022-10-07,周五,国庆节
646,2022-10-08,周六,国庆节
647,2022-10-09,周日,国庆节
648,2022-10-10,周一,工作日
649,2022-10-11,周二,工作日
650,2022-10-12,周三,工作日
651,2022-10-13,周四,工作日
652,2022-10-14,周五,工作日
653,2022-10-15,周六,周末
654,2022-10-16,周日,周末
655,2022-10-17,周一,工作日
656,2022-10-18,周二,工作日
657,2022-10-19,周三,工作日
658,2022-10-20,周四,工作日
659,2022-10-21,周五,工作日
660,2022-10-22,周六,周末
661,2022-10-23,周日,周末
662,2022-10-24,周一,工作日
663,2022-10-25,周二,工作日
664,2022-10-26,周三,工作日
665,2022-10-27,周四,工作日
666,2022-10-28,周五,工作日
667,2022-10-29,周六,周末
668,2022-10-30,周日,周末
669,2022-10-31,周一,工作日
670,2022-11-01,周二,工作日
671,2022-11-02,周三,工作日
672,2022-11-03,周四,工作日
673,2022-11-04,周五,工作日
674,2022-11-05,周六,周末
675,2022-11-06,周日,周末
676,2022-11-07,周一,工作日
677,2022-11-08,周二,工作日
678,2022-11-09,周三,工作日
679,2022-11-10,周四,工作日
680,2022-11-11,周五,工作日
681,2022-11-12,周六,周末
682,2022-11-13,周日,周末
683,2022-11-14,周一,工作日
684,2022-11-15,周二,工作日
685,2022-11-16,周三,工作日
686,2022-11-17,周四,工作日
687,2022-11-18,周五,工作日
688,2022-11-19,周六,周末
689,2022-11-20,周日,周末
690,2022-11-21,周一,工作日
691,2022-11-22,周二,工作日
692,2022-11-23,周三,工作日
693,2022-11-24,周四,工作日
694,2022-11-25,周五,工作日
695,2022-11-26,周六,周末
696,2022-11-27,周日,周末
697,2022-11-28,周一,工作日
698,2022-11-29,周二,工作日
699,2022-11-30,周三,工作日
700,2022-12-01,周四,工作日
701,2022-12-02,周五,工作日
702,2022-12-03,周六,周末
703,2022-12-04,周日,周末
704,2022-12-05,周一,工作日
705,2022-12-06,周二,工作日
706,2022-12-07,周三,工作日
707,2022-12-08,周四,工作日
708,2022-12-09,周五,工作日
709,2022-12-10,周六,周末
710,2022-12-11,周日,周末
711,2022-12-12,周一,工作日
712,2022-12-13,周二,工作日
713,2022-12-14,周三,工作日
714,2022-12-15,周四,工作日
715,2022-12-16,周五,工作日
716,2022-12-17,周六,周末
717,2022-12-18,周日,周末
718,2022-12-19,周一,工作日
719,2022-12-20,周二,工作日
720,2022-12-21,周三,工作日
721,2022-12-22,周四,工作日
722,2022-12-23,周五,工作日
723,2022-12-24,周六,周末
724,2022-12-25,周日,周末
725,2022-12-26,周一,工作日
726,2022-12-27,周二,工作日
727,2022-12-28,周三,工作日
728,2022-12-29,周四,工作日
729,2022-12-30,周五,工作日
730,2022-12-31,周六,元旦
731,2023-01-01,周日,元旦
732,2023-01-02,周一,元旦
733,2023-01-03,周二,工作日
734,2023-01-04,周三,工作日
735,2023-01-05,周四,工作日
736,2023-01-06,周五,工作日
737,2023-01-07,周六,周末
738,2023-01-08,周日,周末
739,2023-01-09,周一,工作日
740,2023-01-10,周二,工作日
741,2023-01-11,周三,工作日
742,2023-01-12,周四,工作日
743,2023-01-13,周五,工作日
744,2023-01-14,周六,周末
745,2023-01-15,周日,周末
746,2023-01-16,周一,工作日
747,2023-01-17,周二,工作日
748,2023-01-18,周三,工作日
749,2023-01-19,周四,工作日
750,2023-01-20,周五,工作日
751,2023-01-21,周六,春节
752,2023-01-22,周日,春节
753,2023-01-23,周一,春节
754,2023-01-24,周二,春节
755,2023-01-25,周三,春节
756,2023-01-26,周四,春节
757,2023-01-27,周五,春节
758,2023-01-28,周六,春节
759,2023-01-29,周日,春节
760,2023-01-30,周一,工作日
761,2023-01-31,周二,工作日
762,2023-02-01,周三,工作日
763,2023-02-02,周四,工作日
764,2023-02-03,周五,工作日
765,2023-02-04,周六,周末
766,2023-02-05,周日,周末
767,2023-02-06,周一,工作日
768,2023-02-07,周二,工作日
769,2023-02-08,周三,工作日
770,2023-02-09,周四,工作日
771,2023-02-10,周五,工作日
772,2023-02-11,周六,周末
773,2023-02-12,周日,周末
774,2023-02-13,周一,工作日
775,2023-02-14,周二,工作日
776,2023-02-15,周三,工作日
777,2023-02-16,周四,工作日
778,2023-02-17,周五,工作日
779,2023-02-18,周六,周末
780,2023-02-19,周日,周末
781,2023-02-20,周一,工作日
782,2023-02-21,周二,工作日
783,2023-02-22,周三,工作日
784,2023-02-23,周四,工作日
785,2023-02-24,周五,工作日
786,2023-02-25,周六,周末
787,2023-02-26,周日,周末
788,2023-02-27,周一,工作日
789,2023-02-28,周二,工作日
790,2023-03-01,周三,工作日
791,2023-03-02,周四,工作日
792,2023-03-03,周五,工作日
793,2023-03-04,周六,周末
794,2023-03-05,周日,周末
795,2023-03-06,周一,工作日
796,2023-03-07,周二,工作日
797,2023-03-08,周三,"工作日,妇女节"
798,2023-03-09,周四,工作日
799,2023-03-10,周五,工作日
800,2023-03-11,周六,周末
801,2023-03-12,周日,周末
802,2023-03-13,周一,工作日
803,2023-03-14,周二,工作日
804,2023-03-15,周三,工作日
805,2023-03-16,周四,工作日
806,2023-03-17,周五,工作日
807,2023-03-18,周六,周末
808,2023-03-19,周日,周末
809,2023-03-20,周一,工作日
810,2023-03-21,周二,工作日
811,2023-03-22,周三,工作日
812,2023-03-23,周四,工作日
813,2023-03-24,周五,工作日
814,2023-03-25,周六,周末
815,2023-03-26,周日,周末
816,2023-03-27,周一,工作日
817,2023-03-28,周二,工作日
818,2023-03-29,周三,工作日
819,2023-03-30,周四,工作日
820,2023-03-31,周五,工作日
821,2023-04-01,周六,周末
822,2023-04-02,周日,周末
823,2023-04-03,周一,工作日
824,2023-04-04,周二,工作日
825,2023-04-05,周三,清明节
826,2023-04-06,周四,工作日
827,2023-04-07,周五,工作日
828,2023-04-08,周六,周末
829,2023-04-09,周日,周末
830,2023-04-10,周一,工作日
831,2023-04-11,周二,工作日
832,2023-04-12,周三,工作日
833,2023-04-13,周四,工作日
834,2023-04-14,周五,工作日
835,2023-04-15,周六,周末
836,2023-04-16,周日,周末
837,2023-04-17,周一,工作日
838,2023-04-18,周二,工作日
839,2023-04-19,周三,工作日
840,2023-04-20,周四,工作日
841,2023-04-21,周五,工作日
842,2023-04-22,周六,周末
843,2023-04-23,周日,劳动节
844,2023-04-24,周一,工作日
845,2023-04-25,周二,工作日
846,2023-04-26,周三,工作日
847,2023-04-27,周四,工作日
848,2023-04-28,周五,工作日
849,2023-04-29,周六,劳动节
850,2023-04-30,周日,劳动节
851,2023-05-01,周一,劳动节
852,2023-05-02,周二,劳动节
853,2023-05-03,周三,劳动节
854,2023-05-04,周四,工作日
855,2023-05-05,周五,工作日
856,2023-05-06,周六,劳动节
857,2023-05-07,周日,周末
858,2023-05-08,周一,工作日
859,2023-05-09,周二,工作日
860,2023-05-10,周三,工作日
861,2023-05-11,周四,工作日
862,2023-05-12,周五,工作日
863,2023-05-13,周六,周末
864,2023-05-14,周日,周末
865,2023-05-15,周一,工作日
866,2023-05-16,周二,工作日
867,2023-05-17,周三,工作日
868,2023-05-18,周四,工作日
869,2023-05-19,周五,工作日
870,2023-05-20,周六,周末
871,2023-05-21,周日,周末
872,2023-05-22,周一,工作日
873,2023-05-23,周二,工作日
874,2023-05-24,周三,工作日
875,2023-05-25,周四,工作日
876,2023-05-26,周五,工作日
877,2023-05-27,周六,周末
878,2023-05-28,周日,周末
879,2023-05-29,周一,工作日
880,2023-05-30,周二,工作日
881,2023-05-31,周三,工作日
882,2023-06-01,周四,工作日
883,2023-06-02,周五,工作日
884,2023-06-03,周六,周末
885,2023-06-04,周日,周末
886,2023-06-05,周一,工作日
887,2023-06-06,周二,工作日
888,2023-06-07,周三,工作日
889,2023-06-08,周四,工作日
890,2023-06-09,周五,工作日
891,2023-06-10,周六,周末
892,2023-06-11,周日,周末
893,2023-06-12,周一,工作日
894,2023-06-13,周二,工作日
895,2023-06-14,周三,工作日
896,2023-06-15,周四,工作日
897,2023-06-16,周五,工作日
898,2023-06-17,周六,周末
899,2023-06-18,周日,周末
900,2023-06-19,周一,工作日
901,2023-06-20,周二,工作日
902,2023-06-21,周三,工作日
903,2023-06-22,周四,端午节
904,2023-06-23,周五,端午节
905,2023-06-24,周六,端午节
906,2023-06-25,周日,端午节
907,2023-06-26,周一,工作日
908,2023-06-27,周二,工作日
909,2023-06-28,周三,工作日
910,2023-06-29,周四,工作日
911,2023-06-30,周五,工作日
912,2023-07-01,周六,周末
913,2023-07-02,周日,周末
914,2023-07-03,周一,工作日
915,2023-07-04,周二,工作日
916,2023-07-05,周三,工作日
917,2023-07-06,周四,工作日
918,2023-07-07,周五,工作日
919,2023-07-08,周六,周末
920,2023-07-09,周日,周末
921,2023-07-10,周一,工作日
922,2023-07-11,周二,工作日
923,2023-07-12,周三,工作日
924,2023-07-13,周四,工作日
925,2023-07-14,周五,工作日
926,2023-07-15,周六,周末
927,2023-07-16,周日,周末
928,2023-07-17,周一,工作日
929,2023-07-18,周二,工作日
930,2023-07-19,周三,工作日
931,2023-07-20,周四,工作日
932,2023-07-21,周五,工作日
933,2023-07-22,周六,周末
934,2023-07-23,周日,周末
935,2023-07-24,周一,工作日
936,2023-07-25,周二,工作日
937,2023-07-26,周三,工作日
938,2023-07-27,周四,工作日
939,2023-07-28,周五,工作日
940,2023-07-29,周六,周末
941,2023-07-30,周日,周末
942,2023-07-31,周一,工作日
943,2023-08-01,周二,工作日
944,2023-08-02,周三,工作日
945,2023-08-03,周四,工作日
946,2023-08-04,周五,工作日
947,2023-08-05,周六,周末
948,2023-08-06,周日,周末
949,2023-08-07,周一,工作日
950,2023-08-08,周二,工作日
951,2023-08-09,周三,工作日
952,2023-08-10,周四,工作日
953,2023-08-11,周五,工作日
954,2023-08-12,周六,周末
955,2023-08-13,周日,周末
956,2023-08-14,周一,工作日
957,2023-08-15,周二,工作日
958,2023-08-16,周三,工作日
959,2023-08-17,周四,工作日
960,2023-08-18,周五,工作日
961,2023-08-19,周六,周末
962,2023-08-20,周日,周末
963,2023-08-21,周一,工作日
964,2023-08-22,周二,工作日
965,2023-08-23,周三,工作日
966,2023-08-24,周四,工作日
967,2023-08-25,周五,工作日
968,2023-08-26,周六,周末
969,2023-08-27,周日,周末
970,2023-08-28,周一,工作日
971,2023-08-29,周二,工作日
972,2023-08-30,周三,工作日
973,2023-08-31,周四,工作日
974,2023-09-01,周五,工作日
975,2023-09-02,周六,周末
976,2023-09-03,周日,周末
977,2023-09-04,周一,工作日
978,2023-09-05,周二,工作日
979,2023-09-06,周三,工作日
980,2023-09-07,周四,工作日
981,2023-09-08,周五,工作日
982,2023-09-09,周六,周末
983,2023-09-10,周日,周末
984,2023-09-11,周一,工作日
985,2023-09-12,周二,工作日
986,2023-09-13,周三,工作日
987,2023-09-14,周四,工作日
988,2023-09-15,周五,工作日
989,2023-09-16,周六,周末
990,2023-09-17,周日,周末
991,2023-09-18,周一,工作日
992,2023-09-19,周二,工作日
993,2023-09-20,周三,工作日
994,2023-09-21,周四,工作日
995,2023-09-22,周五,工作日
996,2023-09-23,周六,周末
997,2023-09-24,周日,周末
998,2023-09-25,周一,工作日
999,2023-09-26,周二,工作日
1000,2023-09-27,周三,工作日
1001,2023-09-28,周四,工作日
1002,2023-09-29,周五,"中秋节,国庆节"
1003,2023-09-30,周六,"中秋节,国庆节"
1004,2023-10-01,周日,"中秋节,国庆节"
1005,2023-10-02,周一,"中秋节,国庆节"
1006,2023-10-03,周二,"中秋节,国庆节"
1007,2023-10-04,周三,"中秋节,国庆节"
1008,2023-10-05,周四,"中秋节,国庆节"
1009,2023-10-06,周五,"中秋节,国庆节"
1010,2023-10-07,周六,"中秋节,国庆节"
1011,2023-10-08,周日,"中秋节,国庆节"
1012,2023-10-09,周一,工作日
1013,2023-10-10,周二,工作日
1014,2023-10-11,周三,工作日
1015,2023-10-12,周四,工作日
1016,2023-10-13,周五,工作日
1017,2023-10-14,周六,周末
1018,2023-10-15,周日,周末
1019,2023-10-16,周一,工作日
1020,2023-10-17,周二,工作日
1021,2023-10-18,周三,工作日
1022,2023-10-19,周四,工作日
1023,2023-10-20,周五,工作日
1024,2023-10-21,周六,周末
1025,2023-10-22,周日,周末
1026,2023-10-23,周一,工作日
1027,2023-10-24,周二,工作日
1028,2023-10-25,周三,工作日
1029,2023-10-26,周四,工作日
1030,2023-10-27,周五,工作日
1031,2023-10-28,周六,周末
1032,2023-10-29,周日,周末
1033,2023-10-30,周一,工作日
1034,2023-10-31,周二,工作日
1035,2023-11-01,周三,工作日
1036,2023-11-02,周四,工作日
1037,2023-11-03,周五,工作日
1038,2023-11-04,周六,周末
1039,2023-11-05,周日,周末
1040,2023-11-06,周一,工作日
1041,2023-11-07,周二,工作日
1042,2023-11-08,周三,工作日
1043,2023-11-09,周四,工作日
1044,2023-11-10,周五,工作日
1045,2023-11-11,周六,周末
1046,2023-11-12,周日,周末
1047,2023-11-13,周一,工作日
1048,2023-11-14,周二,工作日
1049,2023-11-15,周三,工作日
1050,2023-11-16,周四,工作日
1051,2023-11-17,周五,工作日
1052,2023-11-18,周六,周末
1053,2023-11-19,周日,周末
1054,2023-11-20,周一,工作日
1055,2023-11-21,周二,工作日
1056,2023-11-22,周三,工作日
1057,2023-11-23,周四,工作日
1058,2023-11-24,周五,工作日
1059,2023-11-25,周六,周末
1060,2023-11-26,周日,周末
1061,2023-11-27,周一,工作日
1062,2023-11-28,周二,工作日
1063,2023-11-29,周三,工作日
1064,2023-11-30,周四,工作日
1065,2023-12-01,周五,工作日
1066,2023-12-02,周六,周末
1067,2023-12-03,周日,周末
1068,2023-12-04,周一,工作日
1069,2023-12-05,周二,工作日
1070,2023-12-06,周三,工作日
1071,2023-12-07,周四,工作日
1072,2023-12-08,周五,工作日
1073,2023-12-09,周六,周末
1074,2023-12-10,周日,周末
1075,2023-12-11,周一,工作日
1076,2023-12-12,周二,工作日
1077,2023-12-13,周三,工作日
1078,2023-12-14,周四,工作日
1079,2023-12-15,周五,工作日
1080,2023-12-16,周六,周末
1081,2023-12-17,周日,周末
1082,2023-12-18,周一,工作日
1083,2023-12-19,周二,工作日
1084,2023-12-20,周三,工作日
1085,2023-12-21,周四,工作日
1086,2023-12-22,周五,工作日
1087,2023-12-23,周六,周末
1088,2023-12-24,周日,周末
1089,2023-12-25,周一,工作日
1090,2023-12-26,周二,工作日
1091,2023-12-27,周三,工作日
1092,2023-12-28,周四,工作日
1093,2023-12-29,周五,工作日
1094,2023-12-30,周六,周末
1095,2023-12-31,周日,周末
1096,2024-01-01,周一,元旦
1097,2024-01-02,周二,工作日
1098,2024-01-03,周三,工作日
1099,2024-01-04,周四,工作日
1100,2024-01-05,周五,工作日
1101,2024-01-06,周六,周末
1102,2024-01-07,周日,周末
1103,2024-01-08,周一,工作日
1104,2024-01-09,周二,工作日
1105,2024-01-10,周三,工作日
1106,2024-01-11,周四,工作日
1107,2024-01-12,周五,工作日
1108,2024-01-13,周六,周末
1109,2024-01-14,周日,周末
1110,2024-01-15,周一,工作日
1111,2024-01-16,周二,工作日
1112,2024-01-17,周三,工作日
1113,2024-01-18,周四,工作日
1114,2024-01-19,周五,工作日
1115,2024-01-20,周六,周末
1116,2024-01-21,周日,周末
1117,2024-01-22,周一,工作日
1118,2024-01-23,周二,工作日
1119,2024-01-24,周三,工作日
1120,2024-01-25,周四,工作日
1121,2024-01-26,周五,工作日
1122,2024-01-27,周六,周末
1123,2024-01-28,周日,周末
1124,2024-01-29,周一,工作日
1125,2024-01-30,周二,工作日
1126,2024-01-31,周三,工作日
1127,2024-02-01,周四,工作日
1128,2024-02-02,周五,工作日
1129,2024-02-03,周六,周末
1130,2024-02-04,周日,春节
1131,2024-02-05,周一,工作日
1132,2024-02-06,周二,工作日
1133,2024-02-07,周三,工作日
1134,2024-02-08,周四,工作日
1135,2024-02-09,周五,工作日
1136,2024-02-10,周六,春节
1137,2024-02-11,周日,春节
1138,2024-02-12,周一,春节
1139,2024-02-13,周二,春节
1140,2024-02-14,周三,春节
1141,2024-02-15,周四,春节
1142,2024-02-16,周五,春节
1143,2024-02-17,周六,春节
1144,2024-02-18,周日,春节
1145,2024-02-19,周一,工作日
1146,2024-02-20,周二,工作日
1147,2024-02-21,周三,工作日
1148,2024-02-22,周四,工作日
1149,2024-02-23,周五,工作日
1150,2024-02-24,周六,周末
1151,2024-02-25,周日,周末
1152,2024-02-26,周一,工作日
1153,2024-02-27,周二,工作日
1154,2024-02-28,周三,工作日
1155,2024-02-29,周四,工作日
1156,2024-03-01,周五,工作日
1157,2024-03-02,周六,周末
1158,2024-03-03,周日,周末
1159,2024-03-04,周一,工作日
1160,2024-03-05,周二,工作日
1161,2024-03-06,周三,工作日
1162,2024-03-07,周四,工作日
1163,2024-03-08,周五,"工作日,妇女节"
1164,2024-03-09,周六,周末
1165,2024-03-10,周日,周末
1166,2024-03-11,周一,工作日
1167,2024-03-12,周二,工作日
1168,2024-03-13,周三,工作日
1169,2024-03-14,周四,工作日
1170,2024-03-15,周五,工作日
1171,2024-03-16,周六,周末
1172,2024-03-17,周日,周末
1173,2024-03-18,周一,工作日
1174,2024-03-19,周二,工作日
1175,2024-03-20,周三,工作日
1176,2024-03-21,周四,工作日
1177,2024-03-22,周五,工作日
1178,2024-03-23,周六,周末
1179,2024-03-24,周日,周末
1180,2024-03-25,周一,工作日
1181,2024-03-26,周二,工作日
1182,2024-03-27,周三,工作日
1183,2024-03-28,周四,工作日
1184,2024-03-29,周五,工作日
1185,2024-03-30,周六,周末
1186,2024-03-31,周日,周末
1187,2024-04-01,周一,工作日
1188,2024-04-02,周二,工作日
1189,2024-04-03,周三,工作日
1190,2024-04-04,周四,清明节
1191,2024-04-05,周五,清明节
1192,2024-04-06,周六,清明节
1193,2024-04-07,周日,清明节
1194,2024-04-08,周一,工作日
1195,2024-04-09,周二,工作日
1196,2024-04-10,周三,工作日
1197,2024-04-11,周四,工作日
1198,2024-04-12,周五,工作日
1199,2024-04-13,周六,周末
1200,2024-04-14,周日,周末
1201,2024-04-15,周一,工作日
1202,2024-04-16,周二,工作日
1203,2024-04-17,周三,工作日
1204,2024-04-18,周四,工作日
1205,2024-04-19,周五,工作日
1206,2024-04-20,周六,周末
1207,2024-04-21,周日,周末
1208,2024-04-22,周一,工作日
1209,2024-04-23,周二,工作日
1210,2024-04-24,周三,工作日
1211,2024-04-25,周四,工作日
1212,2024-04-26,周五,工作日
1213,2024-04-27,周六,周末
1214,2024-04-28,周日,劳动节
1215,2024-04-29,周一,工作日
1216,2024-04-30,周二,工作日
1217,2024-05-01,周三,劳动节
1218,2024-05-02,周四,劳动节
1219,2024-05-03,周五,劳动节
1220,2024-05-04,周六,劳动节
1221,2024-05-05,周日,劳动节
1222,2024-05-06,周一,工作日
1223,2024-05-07,周二,工作日
1224,2024-05-08,周三,工作日
1225,2024-05-09,周四,工作日
1226,2024-05-10,周五,工作日
1227,2024-05-11,周六,劳动节
1228,2024-05-12,周日,周末
1229,2024-05-13,周一,工作日
1230,2024-05-14,周二,工作日
1231,2024-05-15,周三,工作日
1232,2024-05-16,周四,工作日
1233,2024-05-17,周五,工作日
1234,2024-05-18,周六,周末
1235,2024-05-19,周日,周末
1236,2024-05-20,周一,工作日
1237,2024-05-21,周二,工作日
1238,2024-05-22,周三,工作日
1239,2024-05-23,周四,工作日
1240,2024-05-24,周五,工作日
1241,2024-05-25,周六,周末
1242,2024-05-26,周日,周末
1243,2024-05-27,周一,工作日
1244,2024-05-28,周二,工作日
1245,2024-05-29,周三,工作日
1246,2024-05-30,周四,工作日
1247,2024-05-31,周五,工作日
1248,2024-06-01,周六,周末
1249,2024-06-02,周日,周末
1250,2024-06-03,周一,工作日
1251,2024-06-04,周二,工作日
1252,2024-06-05,周三,工作日
1253,2024-06-06,周四,工作日
1254,2024-06-07,周五,工作日
1255,2024-06-08,周六,周末
1256,2024-06-09,周日,周末
1257,2024-06-10,周一,端午节
1258,2024-06-11,周二,工作日
1259,2024-06-12,周三,工作日
1260,2024-06-13,周四,工作日
1261,2024-06-14,周五,工作日
1262,2024-06-15,周六,周末
1263,2024-06-16,周日,周末
1264,2024-06-17,周一,工作日
1265,2024-06-18,周二,工作日
1266,2024-06-19,周三,工作日
1267,2024-06-20,周四,工作日
1268,2024-06-21,周五,工作日
1269,2024-06-22,周六,周末
1270,2024-06-23,周日,周末
1271,2024-06-24,周一,工作日
1272,2024-06-25,周二,工作日
1273,2024-06-26,周三,工作日
1274,2024-06-27,周四,工作日
1275,2024-06-28,周五,工作日
1276,2024-06-29,周六,周末
1277,2024-06-30,周日,周末
1278,2024-07-01,周一,工作日
1279,2024-07-02,周二,工作日
1280,2024-07-03,周三,工作日
1281,2024-07-04,周四,工作日
1282,2024-07-05,周五,工作日
1283,2024-07-06,周六,周末
1284,2024-07-07,周日,周末
1285,2024-07-08,周一,工作日
1286,2024-07-09,周二,工作日
1287,2024-07-10,周三,工作日
1288,2024-07-11,周四,工作日
1289,2024-07-12,周五,工作日
1290,2024-07-13,周六,周末
1291,2024-07-14,周日,周末
1292,2024-07-15,周一,工作日
1293,2024-07-16,周二,工作日
1294,2024-07-17,周三,工作日
1295,2024-07-18,周四,工作日
1296,2024-07-19,周五,工作日
1297,2024-07-20,周六,周末
1298,2024-07-21,周日,周末
1299,2024-07-22,周一,工作日
1300,2024-07-23,周二,工作日
1301,2024-07-24,周三,工作日
1302,2024-07-25,周四,工作日
1303,2024-07-26,周五,工作日
1304,2024-07-27,周六,周末
1305,2024-07-28,周日,周末
1306,2024-07-29,周一,工作日
1307,2024-07-30,周二,工作日
1308,2024-07-31,周三,工作日
1309,2024-08-01,周四,工作日
1310,2024-08-02,周五,工作日
1311,2024-08-03,周六,周末
1312,2024-08-04,周日,周末
1313,2024-08-05,周一,工作日
1314,2024-08-06,周二,工作日
1315,2024-08-07,周三,工作日
1316,2024-08-08,周四,工作日
1317,2024-08-09,周五,工作日
1318,2024-08-10,周六,周末
1319,2024-08-11,周日,周末
1320,2024-08-12,周一,工作日
1321,2024-08-13,周二,工作日
1322,2024-08-14,周三,工作日
1323,2024-08-15,周四,工作日
1324,2024-08-16,周五,工作日
1325,2024-08-17,周六,周末
1326,2024-08-18,周日,周末
1327,2024-08-19,周一,工作日
1328,2024-08-20,周二,工作日
1329,2024-08-21,周三,工作日
1330,2024-08-22,周四,工作日
1331,2024-08-23,周五,工作日
1332,2024-08-24,周六,周末
1333,2024-08-25,周日,周末
1334,2024-08-26,周一,工作日
1335,2024-08-27,周二,工作日
1336,2024-08-28,周三,工作日
1337,2024-08-29,周四,工作日
1338,2024-08-30,周五,工作日
1339,2024-08-31,周六,周末
1340,2024-09-01,周日,周末
1341,2024-09-02,周一,工作日
1342,2024-09-03,周二,工作日
1343,2024-09-04,周三,工作日
1344,2024-09-05,周四,工作日
1345,2024-09-06,周五,工作日
1346,2024-09-07,周六,周末
1347,2024-09-08,周日,周末
1348,2024-09-09,周一,工作日
1349,2024-09-10,周二,工作日
1350,2024-09-11,周三,工作日
1351,2024-09-12,周四,工作日
1352,2024-09-13,周五,工作日
1353,2024-09-14,周六,中秋节
1354,2024-09-15,周日,中秋节
1355,2024-09-16,周一,中秋节
1356,2024-09-17,周二,中秋节
1357,2024-09-18,周三,工作日
1358,2024-09-19,周四,工作日
1359,2024-09-20,周五,工作日
1360,2024-09-21,周六,周末
1361,2024-09-22,周日,周末
1362,2024-09-23,周一,工作日
1363,2024-09-24,周二,工作日
1364,2024-09-25,周三,工作日
1365,2024-09-26,周四,工作日
1366,2024-09-27,周五,工作日
1367,2024-09-28,周六,周末
1368,2024-09-29,周日,国庆节
1369,2024-09-30,周一,工作日
1370,2024-10-01,周二,国庆节
1371,2024-10-02,周三,国庆节
1372,2024-10-03,周四,国庆节
1373,2024-10-04,周五,国庆节
1374,2024-10-05,周六,国庆节
1375,2024-10-06,周日,国庆节
1376,2024-10-07,周一,国庆节
1377,2024-10-08,周二,工作日
1378,2024-10-09,周三,工作日
1379,2024-10-10,周四,工作日
1380,2024-10-11,周五,工作日
1381,2024-10-12,周六,国庆节
1382,2024-10-13,周日,周末
1383,2024-10-14,周一,工作日
1384,2024-10-15,周二,工作日
1385,2024-10-16,周三,工作日
1386,2024-10-17,周四,工作日
1387,2024-10-18,周五,工作日
1388,2024-10-19,周六,周末
1389,2024-10-20,周日,周末
1390,2024-10-21,周一,工作日
1391,2024-10-22,周二,工作日
1392,2024-10-23,周三,工作日
1393,2024-10-24,周四,工作日
1394,2024-10-25,周五,工作日
1395,2024-10-26,周六,周末
1396,2024-10-27,周日,周末
1397,2024-10-28,周一,工作日
1398,2024-10-29,周二,工作日
1399,2024-10-30,周三,工作日
1400,2024-10-31,周四,工作日
1401,2024-11-01,周五,工作日
1402,2024-11-02,周六,周末
1403,2024-11-03,周日,周末
1404,2024-11-04,周一,工作日
1405,2024-11-05,周二,工作日
1406,2024-11-06,周三,工作日
1407,2024-11-07,周四,工作日
1408,2024-11-08,周五,工作日
1409,2024-11-09,周六,周末
1410,2024-11-10,周日,周末
1411,2024-11-11,周一,工作日
1412,2024-11-12,周二,工作日
1413,2024-11-13,周三,工作日
1414,2024-11-14,周四,工作日
1415,2024-11-15,周五,工作日
1416,2024-11-16,周六,周末
1417,2024-11-17,周日,周末
1418,2024-11-18,周一,工作日
1419,2024-11-19,周二,工作日
1420,2024-11-20,周三,工作日
1421,2024-11-21,周四,工作日
1422,2024-11-22,周五,工作日
1423,2024-11-23,周六,周末
1424,2024-11-24,周日,周末
1425,2024-11-25,周一,工作日
1426,2024-11-26,周二,工作日
1427,2024-11-27,周三,工作日
1428,2024-11-28,周四,工作日
1429,2024-11-29,周五,工作日
1430,2024-11-30,周六,周末
1431,2024-12-01,周日,周末
1432,2024-12-02,周一,工作日
1433,2024-12-03,周二,工作日
1434,2024-12-04,周三,工作日
1435,2024-12-05,周四,工作日
1436,2024-12-06,周五,工作日
1437,2024-12-07,周六,周末
1438,2024-12-08,周日,周末
1439,2024-12-09,周一,工作日
1440,2024-12-10,周二,工作日
1441,2024-12-11,周三,工作日
1442,2024-12-12,周四,工作日
1443,2024-12-13,周五,工作日
1444,2024-12-14,周六,周末
1445,2024-12-15,周日,周末
1446,2024-12-16,周一,工作日
1447,2024-12-17,周二,工作日
1448,2024-12-18,周三,工作日
1449,2024-12-19,周四,工作日
1450,2024-12-20,周五,工作日
1451,2024-12-21,周六,周末
1452,2024-12-22,周日,周末
1453,2024-12-23,周一,工作日
1454,2024-12-24,周二,工作日
1455,2024-12-25,周三,工作日
1456,2024-12-26,周四,工作日
1457,2024-12-27,周五,工作日
1458,2024-12-28,周六,周末
1459,2024-12-29,周日,周末
1460,2024-12-30,周一,工作日
1461,2024-12-31,周二,工作日
1462,2025-01-01,周三,元旦
1463,2025-01-02,周四,工作日
1464,2025-01-03,周五,工作日
1465,2025-01-04,周六,周末
1466,2025-01-05,周日,周末
1467,2025-01-06,周一,工作日
1468,2025-01-07,周二,工作日
1469,2025-01-08,周三,工作日
1470,2025-01-09,周四,工作日
1471,2025-01-10,周五,工作日
1472,2025-01-11,周六,周末
1473,2025-01-12,周日,周末
1474,2025-01-13,周一,工作日
1475,2025-01-14,周二,工作日
1476,2025-01-15,周三,工作日
1477,2025-01-16,周四,工作日
1478,2025-01-17,周五,工作日
1479,2025-01-18,周六,周末
1480,2025-01-19,周日,周末
1481,2025-01-20,周一,工作日
1482,2025-01-21,周二,工作日
1483,2025-01-22,周三,工作日
1484,2025-01-23,周四,工作日
1485,2025-01-24,周五,工作日
1486,2025-01-25,周六,周末
1487,2025-01-26,周日,春节
1488,2025-01-27,周一,工作日
1489,2025-01-28,周二,春节
1490,2025-01-29,周三,春节
1491,2025-01-30,周四,春节
1492,2025-01-31,周五,春节
1493,2025-02-01,周六,春节
1494,2025-02-02,周日,春节
1495,2025-02-03,周一,春节
1496,2025-02-04,周二,春节
1497,2025-02-05,周三,工作日
1498,2025-02-06,周四,工作日
1499,2025-02-07,周五,工作日
1500,2025-02-08,周六,春节
1501,2025-02-09,周日,周末
1502,2025-02-10,周一,工作日
1503,2025-02-11,周二,工作日
1504,2025-02-12,周三,工作日
1505,2025-02-13,周四,工作日
1506,2025-02-14,周五,工作日
1507,2025-02-15,周六,周末
1508,2025-02-16,周日,周末
1509,2025-02-17,周一,工作日
1510,2025-02-18,周二,工作日
1511,2025-02-19,周三,工作日
1512,2025-02-20,周四,工作日
1513,2025-02-21,周五,工作日
1514,2025-02-22,周六,周末
1515,2025-02-23,周日,周末
1516,2025-02-24,周一,工作日
1517,2025-02-25,周二,工作日
1518,2025-02-26,周三,工作日
1519,2025-02-27,周四,工作日
1520,2025-02-28,周五,工作日
1521,2025-03-01,周六,周末
1522,2025-03-02,周日,周末
1523,2025-03-03,周一,工作日
1524,2025-03-04,周二,工作日
1525,2025-03-05,周三,工作日
1526,2025-03-06,周四,工作日
1527,2025-03-07,周五,工作日
1528,2025-03-08,周六,"周末,妇女节"
1529,2025-03-09,周日,周末
1530,2025-03-10,周一,工作日
1531,2025-03-11,周二,工作日
1532,2025-03-12,周三,工作日
1533,2025-03-13,周四,工作日
1534,2025-03-14,周五,工作日
1535,2025-03-15,周六,周末
1536,2025-03-16,周日,周末
1537,2025-03-17,周一,工作日
1538,2025-03-18,周二,工作日
1539,2025-03-19,周三,工作日
1540,2025-03-20,周四,工作日
1541,2025-03-21,周五,工作日
1542,2025-03-22,周六,周末
1543,2025-03-23,周日,周末
1544,2025-03-24,周一,工作日
1545,2025-03-25,周二,工作日
1546,2025-03-26,周三,工作日
1547,2025-03-27,周四,工作日
1548,2025-03-28,周五,工作日
1549,2025-03-29,周六,周末
1550,2025-03-30,周日,周末
1551,2025-03-31,周一,工作日
1552,2025-04-01,周二,工作日
1553,2025-04-02,周三,工作日
1554,2025-04-03,周四,工作日
1555,2025-04-04,周五,清明节
1556,2025-04-05,周六,清明节
1557,2025-04-06,周日,清明节
1558,2025-04-07,周一,工作日
1559,2025-04-08,周二,工作日
1560,2025-04-09,周三,工作日
1561,2025-04-10,周四,工作日
1562,2025-04-11,周五,工作日
1563,2025-04-12,周六,周末
1564,2025-04-13,周日,周末
1565,2025-04-14,周一,工作日
1566,2025-04-15,周二,工作日
1567,2025-04-16,周三,工作日
1568,2025-04-17,周四,工作日
1569,2025-04-18,周五,工作日
1570,2025-04-19,周六,周末
1571,2025-04-20,周日,周末
1572,2025-04-21,周一,工作日
1573,2025-04-22,周二,工作日
1574,2025-04-23,周三,工作日
1575,2025-04-24,周四,工作日
1576,2025-04-25,周五,工作日
1577,2025-04-26,周六,周末
1578,2025-04-27,周日,劳动节
1579,2025-04-28,周一,工作日
1580,2025-04-29,周二,工作日
1581,2025-04-30,周三,工作日
1582,2025-05-01,周四,劳动节
1583,2025-05-02,周五,劳动节
1584,2025-05-03,周六,劳动节
1585,2025-05-04,周日,劳动节
1586,2025-05-05,周一,劳动节
1587,2025-05-06,周二,工作日
1588,2025-05-07,周三,工作日
1589,2025-05-08,周四,工作日
1590,2025-05-09,周五,工作日
1591,2025-05-10,周六,周末
1592,2025-05-11,周日,周末
1593,2025-05-12,周一,工作日
1594,2025-05-13,周二,工作日
1595,2025-05-14,周三,工作日
1596,2025-05-15,周四,工作日
1597,2025-05-16,周五,工作日
1598,2025-05-17,周六,周末
1599,2025-05-18,周日,周末
1600,2025-05-19,周一,工作日
1601,2025-05-20,周二,工作日
1602,2025-05-21,周三,工作日
1603,2025-05-22,周四,工作日
1604,2025-05-23,周五,工作日
1605,2025-05-24,周六,周末
1606,2025-05-25,周日,周末
1607,2025-05-26,周一,工作日
1608,2025-05-27,周二,工作日
1609,2025-05-28,周三,工作日
1610,2025-05-29,周四,工作日
1611,2025-05-30,周五,工作日
1612,2025-05-31,周六,端午节
1613,2025-06-01,周日,端午节
1614,2025-06-02,周一,端午节
1615,2025-06-03,周二,工作日
1616,2025-06-04,周三,工作日
1617,2025-06-05,周四,工作日
1618,2025-06-06,周五,工作日
1619,2025-06-07,周六,周末
1620,2025-06-08,周日,周末
1621,2025-06-09,周一,工作日
1622,2025-06-10,周二,工作日
1623,2025-06-11,周三,工作日
1624,2025-06-12,周四,工作日
1625,2025-06-13,周五,工作日
1626,2025-06-14,周六,周末
1627,2025-06-15,周日,周末
1628,2025-06-16,周一,工作日
1629,2025-06-17,周二,工作日
1630,2025-06-18,周三,工作日
1631,2025-06-19,周四,工作日
1632,2025-06-20,周五,工作日
1633,2025-06-21,周六,周末
1634,2025-06-22,周日,周末
1635,2025-06-23,周一,工作日
1636,2025-06-24,周二,工作日
1637,2025-06-25,周三,工作日
1638,2025-06-26,周四,工作日
1639,2025-06-27,周五,工作日
1640,2025-06-28,周六,周末
1641,2025-06-29,周日,周末
1642,2025-06-30,周一,工作日
1643,2025-07-01,周二,工作日
1644,2025-07-02,周三,工作日
1645,2025-07-03,周四,工作日
1646,2025-07-04,周五,工作日
1647,2025-07-05,周六,周末
1648,2025-07-06,周日,周末
1649,2025-07-07,周一,工作日
1650,2025-07-08,周二,工作日
1651,2025-07-09,周三,工作日
1652,2025-07-10,周四,工作日
1653,2025-07-11,周五,工作日
1654,2025-07-12,周六,周末
1655,2025-07-13,周日,周末
1656,2025-07-14,周一,工作日
1657,2025-07-15,周二,工作日
1658,2025-07-16,周三,工作日
1659,2025-07-17,周四,工作日
1660,2025-07-18,周五,工作日
1661,2025-07-19,周六,周末
1662,2025-07-20,周日,周末
1663,2025-07-21,周一,工作日
1664,2025-07-22,周二,工作日
1665,2025-07-23,周三,工作日
1666,2025-07-24,周四,工作日
1667,2025-07-25,周五,工作日
1668,2025-07-26,周六,周末
1669,2025-07-27,周日,周末
1670,2025-07-28,周一,工作日
1671,2025-07-29,周二,工作日
1672,2025-07-30,周三,工作日
1673,2025-07-31,周四,工作日
1674,2025-08-01,周五,工作日
1675,2025-08-02,周六,周末
1676,2025-08-03,周日,周末
1677,2025-08-04,周一,工作日
1678,2025-08-05,周二,工作日
1679,2025-08-06,周三,工作日
1680,2025-08-07,周四,工作日
1681,2025-08-08,周五,工作日
1682,2025-08-09,周六,周末
1683,2025-08-10,周日,周末
1684,2025-08-11,周一,工作日
1685,2025-08-12,周二,工作日
1686,2025-08-13,周三,工作日
1687,2025-08-14,周四,工作日
1688,2025-08-15,周五,工作日
1689,2025-08-16,周六,周末
1690,2025-08-17,周日,周末
1691,2025-08-18,周一,工作日
1692,2025-08-19,周二,工作日
1693,2025-08-20,周三,工作日
1694,2025-08-21,周四,工作日
1695,2025-08-22,周五,工作日
1696,2025-08-23,周六,周末
1697,2025-08-24,周日,周末
1698,2025-08-25,周一,工作日
1699,2025-08-26,周二,工作日
1700,2025-08-27,周三,工作日
1701,2025-08-28,周四,工作日
1702,2025-08-29,周五,工作日
1703,2025-08-30,周六,周末
1704,2025-08-31,周日,周末
1705,2025-09-01,周一,工作日
1706,2025-09-02,周二,工作日
1707,2025-09-03,周三,工作日
1708,2025-09-04,周四,工作日
1709,2025-09-05,周五,工作日
1710,2025-09-06,周六,周末
1711,2025-09-07,周日,周末
1712,2025-09-08,周一,工作日
1713,2025-09-09,周二,工作日
1714,2025-09-10,周三,工作日
1715,2025-09-11,周四,工作日
1716,2025-09-12,周五,工作日
1717,2025-09-13,周六,周末
1718,2025-09-14,周日,周末
1719,2025-09-15,周一,工作日
1720,2025-09-16,周二,工作日
1721,2025-09-17,周三,工作日
1722,2025-09-18,周四,工作日
1723,2025-09-19,周五,工作日
1724,2025-09-20,周六,周末
1725,2025-09-21,周日,周末
1726,2025-09-22,周一,工作日
1727,2025-09-23,周二,工作日
1728,2025-09-24,周三,工作日
1729,2025-09-25,周四,工作日
1730,2025-09-26,周五,工作日
1731,2025-09-27,周六,周末
1732,2025-09-28,周日,"国庆节,中秋节"
1733,2025-09-29,周一,工作日
1734,2025-09-30,周二,工作日
1735,2025-10-01,周三,"国庆节,中秋节"
1736,2025-10-02,周四,"国庆节,中秋节"
1737,2025-10-03,周五,"国庆节,中秋节"
1738,2025-10-04,周六,"国庆节,中秋节"
1739,2025-10-05,周日,"国庆节,中秋节"
1740,2025-10-06,周一,"国庆节,中秋节"
1741,2025-10-07,周二,"国庆节,中秋节"
1742,2025-10-08,周三,"国庆节,中秋节"
1743,2025-10-09,周四,工作日
1744,2025-10-10,周五,工作日
1745,2025-10-11,周六,"国庆节,中秋节"
1746,2025-10-12,周日,周末
1747,2025-10-13,周一,工作日
1748,2025-10-14,周二,工作日
1749,2025-10-15,周三,工作日
1750,2025-10-16,周四,工作日
1751,2025-10-17,周五,工作日
1752,2025-10-18,周六,周末
1753,2025-10-19,周日,周末
1754,2025-10-20,周一,工作日
1755,2025-10-21,周二,工作日
1756,2025-10-22,周三,工作日
1757,2025-10-23,周四,工作日
1758,2025-10-24,周五,工作日
1759,2025-10-25,周六,周末
1760,2025-10-26,周日,周末
1761,2025-10-27,周一,工作日
1762,2025-10-28,周二,工作日
1763,2025-10-29,周三,工作日
1764,2025-10-30,周四,工作日
1765,2025-10-31,周五,工作日
1766,2025-11-01,周六,周末
1767,2025-11-02,周日,周末
1768,2025-11-03,周一,工作日
1769,2025-11-04,周二,工作日
1770,2025-11-05,周三,工作日
1771,2025-11-06,周四,工作日
1772,2025-11-07,周五,工作日
1773,2025-11-08,周六,周末
1774,2025-11-09,周日,周末
1775,2025-11-10,周一,工作日
1776,2025-11-11,周二,工作日
1777,2025-11-12,周三,工作日
1778,2025-11-13,周四,工作日
1779,2025-11-14,周五,工作日
1780,2025-11-15,周六,周末
1781,2025-11-16,周日,周末
1782,2025-11-17,周一,工作日
1783,2025-11-18,周二,工作日
1784,2025-11-19,周三,工作日
1785,2025-11-20,周四,工作日
1786,2025-11-21,周五,工作日
1787,2025-11-22,周六,周末
1788,2025-11-23,周日,周末
1789,2025-11-24,周一,工作日
1790,2025-11-25,周二,工作日
1791,2025-11-26,周三,工作日
1792,2025-11-27,周四,工作日
1793,2025-11-28,周五,工作日
1794,2025-11-29,周六,周末
1795,2025-11-30,周日,周末
1796,2025-12-01,周一,工作日
1797,2025-12-02,周二,工作日
1798,2025-12-03,周三,工作日
1799,2025-12-04,周四,工作日
1800,2025-12-05,周五,工作日
1801,2025-12-06,周六,周末
1802,2025-12-07,周日,周末
1803,2025-12-08,周一,工作日
1804,2025-12-09,周二,工作日
1805,2025-12-10,周三,工作日
1806,2025-12-11,周四,工作日
1807,2025-12-12,周五,工作日
1808,2025-12-13,周六,周末
1809,2025-12-14,周日,周末
1810,2025-12-15,周一,工作日
1811,2025-12-16,周二,工作日
1812,2025-12-17,周三,工作日
1813,2025-12-18,周四,工作日
1814,2025-12-19,周五,工作日
1815,2025-12-20,周六,周末
1816,2025-12-21,周日,周末
1817,2025-12-22,周一,工作日
1818,2025-12-23,周二,工作日
1819,2025-12-24,周三,工作日
1820,2025-12-25,周四,工作日
1821,2025-12-26,周五,工作日
1822,2025-12-27,周六,周末
1823,2025-12-28,周日,周末
1824,2025-12-29,周一,工作日
1825,2025-12-30,周二,工作日
1826,2025-12-31,周三,工作日
